SampleID,MIC,Susceptibility,HR_status,RNAseq,Identifier
AR0329,0.03,S,S,N,A
AR0330,0.015,S,S,N,B
ARB331,0.015,S,S,N,C
ARB332,0.015,S,S,N,D
ARB333,0.03,S,S,N,E
ARB334,0.03,S,S,N,F
AR0323,4,R,HR,Y R3,G
AR0324,2,R,HR,N,H
AR0325,4,R,HR,N,I
AR0326,0.015,S,S,N,J
AR0327,0.015,S,S,Y S1,K
AR0328,0.015,S,S,Y S3,L
AR0314,1,R,R,Y R1,M
AR0315,4,R,R,N,N
AR0316,0.25,R,R,N,O
AR0317,0.25,R,R,N,P
AR0318,4,R,HR,Y R2,Q
AR0319,2,R,HR,N,R
AR0320,0.25,R,R,N,S
AR0321,1,R,R,N,T
AR0322,0.25,R,R,N,U
ARB581,0.008,S,S,N,076
ARB582,1,R,HR,N,077
ARB583,0.016,S,S,N,078
ARB584,0.016,S,S,Y S2,079
ARB585,4,R,R,N,080