SampleID,MIC,Susceptibility,RNAseq,Identifier
Fx044,64,R,Y R1,AR0314
Fx045,4,SDD,N,AR0315
Fx046,4,SDD,Y S2,AR0316
Fx047,32,SDD,N,AR0317
Fx048,32,SDD,N,AR0318
Fx049,4,SDD,Y S3,AR0319
Fx050,4,SDD,N,AR0320
Fx051,64,R,N,AR0321
Fx052,8,SDD,N,AR0322
Fx053,4,SDD,N,AR0323
Fx054,8,SDD,N,AR0324
Fx055,128,R,N,AR0325
Fx056,4,SDD,N,AR0326
Fx057,16,SDD,Y S1,AR0327
Fx058,8,SDD,N,AR0328
Fx059,8,SDD,N,AR0329
Fx060,8,SDD,N,AR0330
Fx061,64,R,N,ARB331
Fx062,128,R,N,ARB332
Fx063,64,R,N,ARB333
Fx064,128,R,N,ARB334
Fx076,128,R,Y R2,ARB581
Fx077,64,R,Y R3,ARB582
Fx078,8,SDD,N,ARB583
Fx079,8,SDD,N,ARB584
Fx080,8,SDD,N,ARB585
