File Name,,,20250319_CparaFluc002_Fx065X4_01.RCC,20250319_CparaFluc002_Fx066X4_02.RCC,20250319_CparaFluc002_Fx072X4_03.RCC,20250319_CparaFluc002_Fx073X4_04.RCC,20250319_CparaFluc002_Fx074X4_05.RCC,20250319_CparaFluc002_Fx109X4_06.RCC,20250319_CparaFluc002_Fx065F4_07.RCC,20250319_CparaFluc002_Fx066F4_08.RCC,20250319_CparaFluc002_Fx072F4_09.RCC,20250319_CparaFluc002_Fx073F4_10.RCC,20250319_CparaFluc002_Fx074F4_11.RCC,20250319_CparaFluc002_Fx109F4_12.RCC
Description,,,,,,,,,,,,,,
Sample ID,,,Fx065X4,Fx066X4,Fx072X4,Fx073X4,Fx074X4,Fx109X4,Fx065F4,Fx066F4,Fx072F4,Fx073F4,Fx074F4,Fx109F4
Owner,,,Liz,Liz,Liz,Liz,Liz,Liz,Liz,Liz,Liz,Liz,Liz,Liz
Sample Date,,,,,,,,,,,,,,
File Version,,,1.7,1.7,1.7,1.7,1.7,1.7,1.7,1.7,1.7,1.7,1.7,1.7
Gene RLF,,,CPARA_FLUC1_C4654,CPARA_FLUC1_C4654,CPARA_FLUC1_C4654,CPARA_FLUC1_C4654,CPARA_FLUC1_C4654,CPARA_FLUC1_C4654,CPARA_FLUC1_C4654,CPARA_FLUC1_C4654,CPARA_FLUC1_C4654,CPARA_FLUC1_C4654,CPARA_FLUC1_C4654,CPARA_FLUC1_C4654
Comments,,,,,,,,,,,,,,
Lane ID,,,1,2,3,4,5,6,7,8,9,10,11,12
FOV Count,,,555,555,555,555,555,555,555,555,555,555,555,555
FOV Counted,,,176,197,195,232,202,202,164,167,168,167,156,167
Scanner ID,,,1110C0014,1110C0014,1110C0014,1110C0014,1110C0014,1110C0014,1110C0014,1110C0014,1110C0014,1110C0014,1110C0014,1110C0014
Stage Position,,,3,3,3,3,3,3,3,3,3,3,3,3
Binding Density,,,0.22,0.26,0.2,0.26,0.22,0.18,0.17,0.17,0.15,0.21,0.19,0.14
Messages,,,,,,,,,,,,,,
Positive,POS_A,ERCC_00034.1,20796,25433,25393,22939,20114,18469,12708,9251,11919,8904,7510,7930
Positive,POS_B,ERCC_00112.1,5432,6708,6496,6168,5203,4822,3436,2488,3144,2447,1950,2142
Positive,POS_C,ERCC_00002.1,1701,2213,2160,1981,1819,1693,1223,848,1143,838,713,766
Positive,POS_D,ERCC_00092.1,447,556,532,491,384,375,233,208,254,184,157,189
Positive,POS_E,ERCC_00035.1,137,138,132,126,111,130,71,51,62,54,34,40
Positive,POS_F,ERCC_00117.1,18,24,15,19,16,13,4,8,8,3,3,7
Negative,NEG_A,ERCC_00096.1,1,2,1,1,1,1,1,1,1,1,1,1
Negative,NEG_B,ERCC_00041.1,1,2,2,4,2,1,2,1,1,1,1,2
Negative,NEG_C,ERCC_00019.1,1,3,2,3,3,5,1,3,1,2,2,1
Negative,NEG_D,ERCC_00076.1,1,1,1,1,1,1,2,1,1,1,1,1
Negative,NEG_E,ERCC_00098.1,1,1,1,1,1,1,2,1,1,1,3,1
Negative,NEG_F,ERCC_00126.1,1,1,1,1,1,1,1,1,1,1,1,1
Endogenous,Cf_Rup_103490.1,ATF2,12,15,1,38,4,10,13,8,7,102,73,7
Endogenous,Cf_C_108590.1,BMH2,383,903,40,1356,480,172,216,241,10,232,180,58
Endogenous,Cf_C_503230.1,CDC53,25,38,3,69,15,9,5,14,2,20,12,5
Endogenous,Cf_Rup_701490.1,CHS1,318,821,67,779,401,99,228,241,18,731,236,32
Endogenous,Cf_Rup_407190.1,CMK2,214,315,28,337,111,49,159,143,21,438,114,21
Endogenous,Cf_Rup_400860.1,CRH1,403,823,54,903,576,158,359,333,34,930,361,73
Endogenous,Cf_C_101210.1,Cf_C_101210,161,269,28,540,234,115,136,131,21,196,107,58
Endogenous,Cf_Rdn_107090.1,Cf_Rdn_107090,2755,8261,568,13723,6428,2449,1895,3021,226,1674,2312,960
Endogenous,Cf_Rdn_303100.1,Cf_Rdn_303100,346,784,84,1157,840,336,308,445,97,447,552,321
Endogenous,Cf_Rup_101870.1,Cf_Rup_101870,229,289,35,211,194,14,163,98,23,255,106,4
Endogenous,Cf_Rup_105460.1,Cf_Rup_105460,227,533,21,322,243,49,150,168,15,224,165,21
Endogenous,Cf_Rup_201010.1,Cf_Rup_201010,563,1456,86,811,857,133,376,505,29,759,351,53
Endogenous,Cf_Rup_201490.1,Cf_Rup_201490,14,14,6,94,3,14,41,8,13,421,435,149
Endogenous,Cf_Rup_201730.1,Cf_Rup_201730,9,21,3,46,9,12,12,4,5,36,40,17
Endogenous,Cf_Rup_203580.1,Cf_Rup_203580,460,1034,81,1169,887,275,384,487,17,630,423,140
Endogenous,Cf_Rup_205290.1,Cf_Rup_205290,4090,1475,361,1352,2142,529,3804,870,750,10897,1725,285
Endogenous,Cf_Rup_207280.1,Cf_Rup_207280,20,65,10,126,41,12,34,22,24,316,472,35
Endogenous,Cf_Rup_207810.1,Cf_Rup_207810,22,10,1,44,19,2,19,3,1,118,15,2
Endogenous,Cf_Rup_214150.1,Cf_Rup_214150,41,79,8,110,55,12,31,31,4,66,23,9
Endogenous,Cf_Rup_303750.1,Cf_Rup_303750,5,3,3,12,5,1,1,3,1,5,2,1
Endogenous,Cf_Rup_304370.1,Cf_Rup_304370,41,225,9,211,60,25,38,85,1,69,30,13
Endogenous,Cf_Rup_400960.1,Cf_Rup_400960,106,168,25,433,112,38,93,74,14,318,193,44
Endogenous,Cf_Rup_400970.1,Cf_Rup_400970,49,189,14,489,110,1,149,99,58,835,894,73
Endogenous,Cf_Rup_402000.1,Cf_Rup_402000,109,545,62,277,69,12,87,226,50,588,64,4
Endogenous,Cf_Rup_402120.1,Cf_Rup_402120,154,382,24,284,113,80,142,146,17,431,145,39
Endogenous,Cf_Rup_403190.1,Cf_Rup_403190,87,151,6,48,45,16,65,73,17,189,30,10
Endogenous,Cf_Rup_603010.1,Cf_Rup_603010,17,248,3,24,15,11,11,100,3,6,7,4
Endogenous,Cf_Rup_603050.1,Cf_Rup_603050,14,8,1,13,10,8,14,4,5,158,17,1
Endogenous,Cf_Rup_603130.1,Cf_Rup_603130,17,47,6,115,29,9,19,21,1,95,41,12
Endogenous,Cf_Rup_701390.1,Cf_Rup_701390,128,281,20,138,92,1,155,115,22,400,232,19
Endogenous,Cf_Rup_801300.1,Cf_Rup_801300,65,108,14,68,76,30,34,29,12,46,16,15
Endogenous,Cf_Rup_808370.1,Cf_Rup_808370,189,314,34,64,523,27,210,127,178,2580,1176,24
Endogenous,Cf_Rup_808740.1,Cf_Rup_808740,1,2,1,4,1,2,1,2,1,1,1,1
Endogenous,Cf_Rup_806310.1,DDR48,33,113,1,24,44,45,26,61,3,36,32,21
Endogenous,Cf_C_210830.1,ENT3,90,188,10,353,118,61,55,74,5,103,69,19
Endogenous,Cf_Rup_210480.1,ERG1,26,67,9,175,33,10,38,34,11,162,230,20
Endogenous,Cf_Rup_212810.1,ERG10,70,268,37,401,76,35,79,91,17,461,334,65
Endogenous,Cf_Rup_303740.1,ERG11,74,211,15,233,169,43,110,111,59,408,1269,141
Endogenous,Cf_Rup_405900.1,ERG24,36,79,17,230,66,25,74,25,52,1129,1100,211
Endogenous,Cf_Rup_801410.1,ERG25,82,209,37,332,71,28,197,81,52,859,1442,239
Endogenous,Cf_Rup_105550.1,ERG3,79,223,28,984,83,51,237,82,50,739,1077,258
Endogenous,Cf_Rup_703970.1,ERG5,91,250,18,359,138,60,156,97,35,341,513,156
Endogenous,Cf_Rup_405010.1,ERG6,71,149,37,442,87,75,288,55,68,822,1646,655
Endogenous,Cf_Rup_806320.1,GAL83,12,13,5,53,11,9,7,7,3,51,24,4
Endogenous,Cf_Rdn_107100.1,HTA1,1654,5929,320,8686,3870,1197,1056,1924,112,980,1369,481
Endogenous,Cf_Rup_200650.1,INO1,5,19,5,10,11,1,9,8,27,327,45,6
Endogenous,Cf_Rup_202520.1,KRE1,76,118,11,118,26,19,53,34,3,64,17,23
Endogenous,Cf_Rdn_204710.1,MIS1,213,758,56,678,371,60,136,299,20,98,128,25
Endogenous,Cf_Rdn_803890.1,MLS1,95,521,31,266,275,59,59,232,15,34,49,13
Endogenous,Cf_Rup_703960.1,NOC3,26,45,6,58,36,13,23,9,4,64,77,22
Endogenous,Cf_C_500240.1,NUP145,5,9,1,10,9,1,1,4,2,7,7,1
Endogenous,Cf_C_800490.1,NUP192,74,159,18,255,92,36,52,54,5,85,56,23
Endogenous,Cf_Rup_405260.1,OAF1,9,17,1,25,6,4,7,1,5,31,10,1
Endogenous,Cf_Rup_105110.1,PDR16,51,83,13,236,38,26,57,29,8,125,71,32
Endogenous,Cf_Rup_405290.1,PDR5,96,273,9,472,224,33,74,117,4,70,85,9
Endogenous,Cf_C_105250.1,PHO85,38,90,7,195,48,25,36,31,1,45,36,7
Endogenous,Cf_Rup_405640.1,PIN3,28,25,5,36,20,3,21,14,4,86,19,6
Endogenous,Cf_Rdn_502950.1,PMA1,740,2014,179,2551,1273,220,463,715,48,461,487,74
Endogenous,Cf_C_214130.1,PPE1,1,9,4,24,4,3,5,8,5,7,3,2
Endogenous,Cf_Rup_403900.1,PTP2,120,163,14,171,126,48,81,74,11,145,63,24
Endogenous,Cf_Rup_807950.1,PUN1,246,481,31,381,266,62,191,193,16,374,120,31
Endogenous,Cf_Rup_104620.1,RSB1,50,63,14,66,39,17,28,23,3,38,27,8
Endogenous,Cf_Rup_205070.1,SAT4,234,363,43,682,320,48,172,121,22,440,189,11
Endogenous,Cf_Rup_700580.1,SET3,22,67,11,156,33,18,27,29,8,121,126,26
Endogenous,Cf_Rup_207650.1,SLP1,5,7,1,15,9,1,5,2,3,6,10,1
Endogenous,Cf_Rup_405950.1,SSO2,202,570,34,525,275,86,121,181,12,178,154,37
Endogenous,Cf_Rdn_207060.1,TEF2,1802,5834,502,8738,2678,526,855,1448,109,1559,1070,181
Endogenous,Cf_Rup_103510.1,TFC4,11,16,5,34,13,11,11,11,1,22,8,9
Endogenous,Cf_C_808710.1,TPD3,103,227,18,354,116,52,82,85,13,131,80,25
Endogenous,Cf_C_503580.1,VMA1,188,359,25,776,192,76,115,153,27,257,125,45
Endogenous,Cf_Rup_807040.1,YNL208W,194,1167,140,868,376,286,125,369,25,339,99,54
Endogenous,Cf_Rup_102610.1,YPS1,25,48,9,90,32,9,21,20,4,84,28,6