Sample ID,,,MX1,MM1,NX1,NM1,OX1,OM1,PX1,PM1,SX1,SM1,TX1,TM1
Owner,,,Liz,Liz,Liz,Liz,Liz,Liz,Liz,Liz,Liz,Liz,Liz,Liz
Sample Date,,,,,,,,,,,,,,
File Version,,,1.7,1.7,1.7,1.7,1.7,1.7,1.7,1.7,1.7,1.7,1.7,1.7
Gene RLF,,,CGLAB_MICA1_C11315,CGLAB_MICA1_C11315,CGLAB_MICA1_C11315,CGLAB_MICA1_C11315,CGLAB_MICA1_C11315,CGLAB_MICA1_C11315,CGLAB_MICA1_C11315,CGLAB_MICA1_C11315,CGLAB_MICA1_C11315,CGLAB_MICA1_C11315,CGLAB_MICA1_C11315,CGLAB_MICA1_C11315
Comments,,,,,,,,,,,,,,
Lane ID,,,1,2,3,4,5,6,7,8,9,10,11,12
FOV Count,,,555,555,555,555,555,555,555,555,555,555,555,555
FOV Counted,,,542,550,550,547,552,548,550,552,547,553,553,550
Scanner ID,,,1110C0014,1110C0014,1110C0014,1110C0014,1110C0014,1110C0014,1110C0014,1110C0014,1110C0014,1110C0014,1110C0014,1110C0014
Stage Position,,,3,3,3,3,3,3,3,3,3,3,3,3
Binding Density,,,0.11,0.12,0.13,0.14,0.13,0.13,0.15,0.12,0.13,0.15,0.13,0.13
Messages,,,,,,,,,,,,,,
Positive,POS_A,ERCC_00117.1,1631,1842,2084,1817,1953,1922,1968,2157,1608,1915,1392,1338
Positive,POS_B,ERCC_00112.1,2567,2730,2734,2506,2312,2377,1884,2154,1439,1346,797,671
Positive,POS_C,ERCC_00002.1,695,782,734,702,729,654,536,644,443,453,310,250
Positive,POS_D,ERCC_00092.1,157,166,199,169,156,163,146,189,120,125,90,78
Positive,POS_E,ERCC_00035.1,9,7,10,7,13,5,3,10,1,6,6,1
Positive,POS_F,ERCC_00034.1,16,7,8,13,5,18,9,12,6,8,3,3
Negative,NEG_A,ERCC_00096.1,2,1,2,3,1,1,1,2,1,1,1,1
Negative,NEG_B,ERCC_00041.1,1,2,4,1,2,1,1,3,1,1,1,1
Negative,NEG_C,ERCC_00019.1,2,1,1,1,1,1,4,3,5,1,4,3
Negative,NEG_D,ERCC_00076.1,1,1,3,1,2,6,1,3,2,4,4,1
Negative,NEG_E,ERCC_00098.1,1,1,2,2,3,1,1,3,1,1,2,1
Negative,NEG_F,ERCC_00126.1,1,4,6,2,1,1,1,2,1,1,1,1
Negative,NEG_G,ERCC_00144.1,1,1,1,1,1,1,1,1,1,1,1,1
Negative,NEG_H,ERCC_00154.1,1,1,2,1,1,1,1,1,1,1,1,1
Endogenous,Cglab_Mica_B_GVI51_A00319_PDR1,GV_A00319_PDR1.1,97,119,131,105,118,103,402,503,168,786,202,151
Endogenous,Cglab_Mica_B_GVI51_C03069_YBT1,GV_C03069_YBT1.1,7,7,5,1,3,3,13,12,4,15,9,8
Endogenous,Cglab_Mica_B_GVI51_E03619_FPS2,GV_E03619_FPS2.1,1,3,3,4,1,1,5,1,4,3,4,1
Endogenous,Cglab_Mica_B_GVI51_F02431_PDH1,GV_F02431_PDH1.1,30,28,26,19,13,8,56,55,37,79,43,40
Endogenous,Cglab_Mica_B_GVI51_G00121_YOR1,GV_G00121_YOR1.1,76,52,41,40,22,10,59,79,27,169,26,26
Endogenous,Cglab_Mica_B_GVI51_I04609_SNQ2,GV_I04609_SNQ2.1,97,122,585,493,212,164,336,397,439,623,142,118
Endogenous,Cglab_Mica_B_GVI51_M01661_CDR1,GV_M01661_CDR1.1,484,547,76,58,57,42,606,608,59,393,299,230
Endogenous,Cglab_Mica_B_GVI51_M09691,GV_M09691.1,319,302,240,179,96,102,634,804,136,239,154,159
Endogenous,Cglab_Mica_B_GVI51_M13805_FKS3,GV_M13805_FKS3.1,5,2,9,11,6,1,12,7,9,28,9,7
Endogenous,Cglab_Mica_C_GVI51_A04565,GV_A04565.1,158,117,897,627,266,212,564,605,652,974,237,214
Endogenous,Cglab_Mica_C_GVI51_D01991_APL2,GV_D01991_APL2.1,12,15,83,73,46,26,80,75,85,109,18,31
Endogenous,Cglab_Mica_C_GVI51_E02629,GV_E02629.1,24,29,152,81,71,70,183,143,132,272,51,76
Endogenous,Cglab_Mica_C_GVI51_G00407,GV_G00407.1,21,21,118,102,42,44,104,120,92,167,53,43
Endogenous,Cglab_Mica_C_GVI51_H02849,GV_H02849.1,95,107,400,270,213,149,353,411,416,575,187,113
Endogenous,Cglab_Mica_C_GVI51_I03795,GV_I03795.1,88,73,659,485,325,266,642,663,581,1023,273,300
Endogenous,Cglab_Mica_C_GVI51_K00165,GV_K00165.1,20,28,245,164,81,63,146,161,150,263,61,38
Endogenous,Cglab_Mica_C_GVI51_L13057_RGR1,GV_L13057_RGR1.1,29,38,231,157,72,62,161,195,170,317,56,65
Endogenous,Cglab_Mica_C_GVI51_M03443,GV_M03443.1,38,51,254,210,95,79,227,213,237,415,127,122
Endogenous,Cglab_Mica_C_GVI51_M11297,GV_M11297.1,24,34,106,90,95,70,183,195,137,279,125,114
Endogenous,Cglab_Mica_R_GVI51_A01089_GIT1,GV_A01089_GIT1.1,1,1,6,3,3,6,4,6,1,9,5,6
Endogenous,Cglab_Mica_R_GVI51_A01749,GV_A01749.1,3,2,181,144,12,14,84,76,50,220,83,69
Endogenous,Cglab_Mica_R_GVI51_A02167,GV_A02167.1,7,10,4,4,11,8,37,38,28,55,45,38
Endogenous,Cglab_Mica_R_GVI51_B01749,GV_B01749.1,7,1,42,32,3,4,38,48,9,51,321,343
Endogenous,Cglab_Mica_R_GVI51_B02761_MUP1,GV_B02761_MUP1.1,2,4,15,9,7,5,10,11,9,248,6,4
Endogenous,Cglab_Mica_R_GVI51_C00737_EPA8,GV_C00737_EPA8.1,1,3,12,10,10,6,19,20,3,15,1,5
Endogenous,Cglab_Mica_R_GVI51_C00913_UPC2A,GV_C00913_UPC2A.1,9,17,40,42,39,37,64,82,68,109,50,37
Endogenous,Cglab_Mica_R_GVI51_C01441_ISW1,GV_C01441_ISW1.1,8,10,48,31,28,24,71,62,57,61,20,31
Endogenous,Cglab_Mica_R_GVI51_C03949,GV_C03949.1,14,13,66,41,20,11,64,59,68,97,33,36
Endogenous,Cglab_Mica_R_GVI51_C05335,GV_C05335.1,15,20,41,23,36,28,74,67,50,129,62,44
Endogenous,Cglab_Mica_R_GVI51_D00407,GV_D00407.1,42,62,299,200,153,124,363,358,228,451,139,141
Endogenous,Cglab_Mica_R_GVI51_D01265_CYC8,GV_D01265_CYC8.1,4,5,14,16,7,8,19,18,13,43,10,5
Endogenous,Cglab_Mica_R_GVI51_D02893_KAR2,GV_D02893_KAR2.1,13,16,164,121,57,52,127,137,188,740,48,46
Endogenous,Cglab_Mica_R_GVI51_D05423_ROX1,GV_D05423_ROX1.1,11,9,22,15,11,3,22,23,19,72,14,20
Endogenous,Cglab_Mica_R_GVI51_E04499,GV_E04499.1,11,6,99,63,34,33,67,73,89,432,22,18
Endogenous,Cglab_Mica_R_GVI51_E05841,GV_E05841.1,64,40,363,269,179,164,402,329,238,531,223,135
Endogenous,Cglab_Mica_R_GVI51_E06303_EPA1,GV_E06303_EPA1.1,69,83,21,16,45,31,109,116,52,354,50,37
Endogenous,Cglab_Mica_R_GVI51_F00869,GV_F00869.1,140,174,174,108,239,208,801,841,784,1512,555,616
Endogenous,Cglab_Mica_R_GVI51_F03905_RIB1,GV_F03905_RIB1.1,3,5,28,27,17,13,28,31,17,68,8,5
Endogenous,Cglab_Mica_R_GVI51_F03927,GV_F03927.1,20,29,140,94,42,43,96,117,98,139,31,23
Endogenous,Cglab_Mica_R_GVI51_F07425_UPC2B,GV_F07425_UPC2B.1,7,7,63,49,9,16,37,45,50,68,12,16
Endogenous,Cglab_Mica_R_GVI51_F07513,GV_F07513.1,14,16,139,109,37,32,92,103,253,145,81,121
Endogenous,Cglab_Mica_R_GVI51_G00715,GV_G00715.1,5,5,13,4,3,3,10,12,12,75,5,9
Endogenous,Cglab_Mica_R_GVI51_G03663_SSA1,GV_G03663_SSA1.1,40,52,148,107,57,45,135,165,166,846,73,71
Endogenous,Cglab_Mica_R_GVI51_G03729,GV_G03729.1,8,12,21,19,30,17,48,57,37,209,53,41
Endogenous,Cglab_Mica_R_GVI51_G03773_TPO1_1,GV_G03773_TPO1_1.1,8,15,9,7,21,18,52,56,40,198,85,77
Endogenous,Cglab_Mica_R_GVI51_G03861,GV_G03861.1,7,5,28,20,18,12,23,20,11,21,10,12
Endogenous,Cglab_Mica_R_GVI51_G05841,GV_G05841.1,145,129,831,609,224,214,755,768,592,779,442,517
Endogenous,Cglab_Mica_R_GVI51_G06699,GV_G06699.1,24,21,189,120,50,62,172,167,134,551,47,46
Endogenous,Cglab_Mica_R_GVI51_G07953,GV_G07953.1,37,39,167,101,72,45,144,142,130,71,71,60
Endogenous,Cglab_Mica_R_GVI51_G08789,GV_G08789.1,4,2,21,12,7,8,12,14,11,76,8,4
Endogenous,Cglab_Mica_R_GVI51_G09295_CRH1,GV_G09295_CRH1.1,19,29,111,90,50,39,128,206,196,2347,85,66
Endogenous,Cglab_Mica_R_GVI51_H01067_SSD1,GV_H01067_SSD1.1,18,6,75,69,30,30,95,87,66,504,53,59
Endogenous,Cglab_Mica_R_GVI51_H03179,GV_H03179.1,9,21,47,40,34,24,81,92,62,138,76,83
Endogenous,Cglab_Mica_R_GVI51_H03487,GV_H03487.1,11,11,251,157,68,72,189,182,213,1506,56,81
Endogenous,Cglab_Mica_R_GVI51_H04785_FBP1,GV_H04785_FBP1.1,1,1,64,43,10,7,101,103,35,76,17,8
Endogenous,Cglab_Mica_R_GVI51_H07403,GV_H07403.1,21,21,179,143,80,49,125,124,179,99,71,59
Endogenous,Cglab_Mica_R_GVI51_H08063_CIN5,GV_H08063_CIN5.1,33,25,56,41,26,16,97,78,172,1111,11,12
Endogenous,Cglab_Mica_R_GVI51_I00187,GV_I00187.1,22,30,305,232,77,62,187,181,187,420,56,47
Endogenous,Cglab_Mica_R_GVI51_I00561,GV_I00561.1,11,14,25,24,14,4,22,22,22,43,7,4
Endogenous,Cglab_Mica_R_GVI51_I00979_TRR2,GV_I00979_TRR2.1,3,1,3,7,5,2,9,6,19,15,7,9
Endogenous,Cglab_Mica_R_GVI51_I03971,GV_I03971.1,10,7,14,33,17,13,45,35,46,165,54,49
Endogenous,Cglab_Mica_R_GVI51_I05841,GV_I05841.1,1,1,13,6,12,4,33,38,10,236,172,100
Endogenous,Cglab_Mica_R_GVI51_I07271,GV_I07271.1,14,14,76,42,29,34,130,128,73,376,115,115
Endogenous,Cglab_Mica_R_GVI51_I08305_RHO1,GV_I08305_RHO1.1,55,49,257,223,124,102,242,281,178,587,122,123
Endogenous,Cglab_Mica_R_GVI51_I08459_DUR3,GV_I08459_DUR3.1,5,2,4,3,3,1,1,7,5,2,3,1
Endogenous,Cglab_Mica_R_GVI51_I09735,GV_I09735.1,11,17,28,33,32,29,59,67,44,97,40,51
Endogenous,Cglab_Mica_R_GVI51_I09955_PWP7,GV_I09955_PWP7.1,5,4,9,3,4,2,9,6,8,30,1,1
Endogenous,Cglab_Mica_R_GVI51_I09999_PWP1,GV_I09999_PWP1.1,132,119,1004,806,493,383,1077,1072,597,2122,7,5
Endogenous,Cglab_Mica_R_GVI51_I10021_PWP3,GV_I10021_PWP3.1,11,11,35,20,18,9,42,45,25,75,30,32
Endogenous,Cglab_Mica_R_GVI51_I10527,GV_I10527.1,39,38,105,50,132,62,294,362,85,866,81,85
Endogenous,Cglab_Mica_R_GVI51_I10571,GV_I10571.1,1,1,9,3,5,11,9,6,5,138,2,4
Endogenous,Cglab_Mica_R_GVI51_J01089_ABF1,GV_J01089_ABF1.1,11,5,28,20,25,25,75,73,42,88,65,52
Endogenous,Cglab_Mica_R_GVI51_J01441,GV_J01441.1,19,29,75,61,33,29,98,78,125,271,32,43
Endogenous,Cglab_Mica_R_GVI51_J04301,GV_J04301.1,37,54,357,286,141,164,266,449,486,4629,121,136
Endogenous,Cglab_Mica_R_GVI51_J05423_TOP2,GV_J05423_TOP2.1,43,44,279,189,115,92,275,256,276,298,64,80
Endogenous,Cglab_Mica_R_GVI51_J10131,GV_J10131.1,14,5,14,12,22,16,40,65,36,279,29,27
Endogenous,Cglab_Mica_R_GVI51_J11275,GV_J11275.1,56,58,1017,782,330,244,481,473,555,1080,281,369
Endogenous,Cglab_Mica_R_GVI51_K00561_RTA1,GV_K00561_RTA1.1,22,11,5,6,7,8,56,79,13,114,25,21
Endogenous,Cglab_Mica_R_GVI51_K02123,GV_K02123.1,1,2,4,4,1,1,5,11,8,10,3,4
Endogenous,Cglab_Mica_R_GVI51_K03883_FKS2,GV_K03883_FKS2.1,27,38,291,211,43,39,297,386,186,1028,56,39
Endogenous,Cglab_Mica_R_GVI51_K03993,GV_K03993.1,5,5,14,15,8,6,16,12,10,28,7,5
Endogenous,Cglab_Mica_R_GVI51_K04763_RAP1,GV_K04763_RAP1.1,19,27,160,91,62,60,109,142,129,175,46,36
Endogenous,Cglab_Mica_R_GVI51_K06083_TSA1,GV_K06083_TSA1.1,24,32,212,161,46,34,97,70,211,150,24,24
Endogenous,Cglab_Mica_R_GVI51_K06501,GV_K06501.1,15,14,12,11,21,17,45,47,36,93,45,44
Endogenous,Cglab_Mica_R_GVI51_K08151,GV_K08151.1,26,27,227,167,88,74,210,225,176,174,97,79
Endogenous,Cglab_Mica_R_GVI51_K11979_FES1,GV_K11979_FES1.1,39,49,115,69,77,53,123,155,239,1320,73,52
Endogenous,Cglab_Mica_R_GVI51_L00275_HSC82,GV_L00275_HSC82.1,157,166,1535,1150,897,659,1614,1561,1991,5613,657,448
Endogenous,Cglab_Mica_R_GVI51_L01111_ANP1,GV_L01111_ANP1.1,14,19,40,38,29,32,56,63,85,220,51,44
Endogenous,Cglab_Mica_R_GVI51_L10725,GV_L10725.1,101,115,356,256,315,257,646,655,422,751,400,345
Endogenous,Cglab_Mica_R_GVI51_L10857_TPO4,GV_L10857_TPO4.1,10,18,68,45,31,20,51,55,130,681,55,74
Endogenous,Cglab_Mica_R_GVI51_L12397,GV_L12397.1,8,11,56,36,25,20,51,45,66,105,45,26
Endogenous,Cglab_Mica_R_GVI51_M00825,GV_M00825.1,25,52,103,79,88,62,192,175,182,811,116,124
Endogenous,Cglab_Mica_R_GVI51_M03685,GV_M03685.1,19,23,108,67,54,48,81,96,115,156,74,59
Endogenous,Cglab_Mica_R_GVI51_M04103_YPS1,GV_M04103_YPS1.1,3,5,23,18,7,4,22,23,8,95,7,8
Endogenous,Cglab_Mica_R_GVI51_M06193,GV_M06193.1,4,5,22,31,17,7,11,15,25,81,15,10
Endogenous,Cglab_Mica_R_GVI51_M06281,GV_M06281.1,2,1,13,8,3,6,11,17,13,65,4,8
Endogenous,Cglab_Mica_R_GVI51_M08789_HSP78,GV_M08789_HSP78.1,2,2,13,19,9,5,19,15,15,90,8,6
Endogenous,Cglab_Mica_R_GVI51_M10769_SSK2,GV_M10769_SSK2.1,14,18,17,15,23,20,59,46,26,67,28,28
Endogenous,Cglab_Mica_R_GVI51_M12287_FLC2,GV_M12287_FLC2.1,3,1,5,6,1,1,4,2,5,9,2,1
Endogenous,Cglab_Mica_R_GVI51_M12463_VHR1,GV_M12463_VHR1.1,4,3,8,4,2,2,8,5,9,15,3,4
Endogenous,Cglab_Mica_R_GVI51_M12507,GV_M12507.1,27,15,343,331,33,36,222,223,217,379,130,166
Endogenous,Cglab_Mica_R_GVI51_M12991,GV_M12991.1,217,223,597,403,373,290,858,920,703,1364,470,458
Endogenous,Cglab_Mica_Rb_GVI51_A00297_ERG4,GV_A00297_ERG4.1,43,36,168,95,60,64,179,159,145,233,57,43
Endogenous,Cglab_Mica_Rb_GVI51_D05907_ERG1,GV_D05907_ERG1.1,2,4,7,4,6,5,6,20,8,28,10,9
Endogenous,Cglab_Mica_Rb_GVI51_E04037_ERG11,GV_E04037_ERG11.1,18,44,38,33,42,33,101,90,73,185,54,50
Endogenous,Cglab_Mica_Rb_GVI51_F01551_ERG3,GV_F01551_ERG3.1,6,4,27,11,33,14,30,34,41,57,19,12
Endogenous,Cglab_Mica_Rb_GVI51_H03883_ERG13,GV_H03883_ERG13.1,62,64,189,134,167,110,384,373,604,637,226,238
Endogenous,Cglab_Mica_Rb_GVI51_H04477_ERG6,GV_H04477_ERG6.1,61,70,109,99,88,65,240,245,279,404,95,108
Endogenous,Cglab_Mica_Rb_GVI51_M07645_ERG5,GV_M07645_ERG5.1,12,17,13,12,29,14,38,53,41,69,42,36
Endogenous,Cglab_Mica_Rdn_GVI51_D03839_PRO1,D03839_PRO1.1,98,83,233,232,15,14,554,499,287,273,505,585
Endogenous,Cglab_Mica_Rdn_GVI51_E06127,E06127.1,216,230,7145,5456,1575,1334,2853,2916,2203,1637,639,664
Endogenous,Cglab_Mica_Rdn_GVI51_F00473_GLK1,F00473_GLK1.1,463,442,6955,5200,2273,1903,5910,5334,5403,4106,1955,2051
Endogenous,Cglab_Mica_Rdn_GVI51_H01375,H01375.1,4,2,12,7,8,1,8,14,7,12,4,1
Endogenous,Cglab_Mica_Rdn_GVI51_H01397,H01397.1,39,32,300,219,65,47,188,194,67,100,65,74
Endogenous,Cglab_Mica_Rdn_GVI51_I05379,I05379.1,11,21,22,16,10,10,50,48,41,97,26,32
Endogenous,Cglab_Mica_Rdn_GVI51_J02893,J02893.1,39,31,845,740,41,61,582,526,526,1004,374,590
Endogenous,Cglab_Mica_Rdn_GVI51_J05203,J05203.1,960,1007,6264,4954,2054,1808,4236,4532,4344,5781,1646,1574
Endogenous,Cglab_Mica_Rdn_GVI51_K06215,K06215.1,63,46,571,412,9,17,513,514,325,951,201,212