File Name,,,20230509_30102764941023-01_Sample01_01.RCC,20230509_30102764941023-01_Sample02_02.RCC,20230509_30102764941023-01_Sample03_03.RCC,20230509_30102764941023-01_Sample04_04.RCC,20230509_30102764941023-01_Sample05_05.RCC,20230509_30102764941023-01_Sample06_06.RCC,20230509_30102764941023-01_Sample07_07.RCC,20230509_30102764941023-01_Sample08_08.RCC,20230509_30102764941023-01_Sample09_09.RCC,20230509_30102764941023-01_Sample10_10.RCC,20230509_30102764941023-01_Sample11_11.RCC,20230509_30102764941023-01_Sample12_12.RCC,,,
Description,,,,,,,,,,,,,,,,,
Sample ID,,,DX4,DV4,YX4,YV4,PX4,PV4,LX4,LV4,TX4,TV4,VX4,VV4,,,
Owner,,,Administrator,Administrator,Administrator,Administrator,Administrator,Administrator,Administrator,Administrator,Administrator,Administrator,Administrator,Administrator,,,
Sample Date,,,5/9/23,5/9/23,5/9/23,5/9/23,5/9/23,5/9/23,5/9/23,5/9/23,5/9/23,5/9/23,5/9/23,5/9/23,,,
File Version,,,2,2,2,2,2,2,2,2,2,2,2,2,,,
Gene RLF,,,CAUR_VORI_C10397,CAUR_VORI_C10397,CAUR_VORI_C10397,CAUR_VORI_C10397,CAUR_VORI_C10397,CAUR_VORI_C10397,CAUR_VORI_C10397,CAUR_VORI_C10397,CAUR_VORI_C10397,CAUR_VORI_C10397,CAUR_VORI_C10397,CAUR_VORI_C10397,,,
Comments,,,Default Run,Default Run,Default Run,Default Run,Default Run,Default Run,Default Run,Default Run,Default Run,Default Run,Default Run,Default Run,,,
Lane ID,,,1,2,3,4,5,6,7,8,9,10,11,12,,,
FOV Count,,,194,194,194,194,194,194,194,194,194,194,194,194,,,
FOV Counted,,,194,192,186,143,111,187,185,192,194,175,193,194,,,
Scanner ID,,,1904P0276,1904P0276,1904P0276,1904P0276,1904P0276,1904P0276,1904P0276,1904P0276,1904P0276,1904P0276,1904P0276,1904P0276,,,
Stage Position,,,1,1,1,1,1,1,1,1,1,1,1,1,,,
Binding Density,,,0.06,0.06,0.05,0.03,0.06,0.04,0.03,0.07,0.04,0.05,0.06,0.04,,,
Messages,,,,,,,,,,,,,,,,,
Positive,POS_A,ERCC_00117.1,552,702,596,200,192,578,48,510,220,610,529,522,,,
Positive,POS_B,ERCC_00112.1,617,544,614,155,196,589,50,573,334,732,619,535,,,
Positive,POS_C,ERCC_00002.1,184,186,182,52,61,179,19,183,80,200,181,175,,,
Positive,POS_D,ERCC_00092.1,35,52,48,10,13,48,3,49,23,50,42,35,,,
Positive,POS_E,ERCC_00035.1,3,1,6,2,2,6,1,4,2,4,1,3,,,
Positive,POS_F,ERCC_00034.1,1,2,2,1,1,2,1,3,1,6,1,1,,,
Negative,NEG_A,ERCC_00096.1,1,3,1,1,1,1,1,1,1,1,1,2,,,
Negative,NEG_B,ERCC_00041.1,4,4,3,1,1,3,1,2,1,1,2,1,,,
Negative,NEG_C,ERCC_00019.1,1,1,1,1,1,1,1,1,1,1,1,2,,,
Negative,NEG_D,ERCC_00076.1,1,1,1,1,1,1,1,1,1,1,1,2,,,
Negative,NEG_E,ERCC_00098.1,1,1,1,1,1,6,1,1,1,2,1,1,,,
Negative,NEG_F,ERCC_00126.1,4,2,2,1,1,1,1,4,1,2,3,5,,,
Negative,NEG_G,ERCC_00144.1,1,2,1,1,1,1,1,1,1,2,1,1,,,
Negative,NEG_H,ERCC_00154.1,1,1,1,1,1,1,1,1,1,1,1,1,,,
Endogenous,Caur_Vori_C_CJI97_000027T0,CV_000027T0.1,1550,1432,798,77,155,297,63,1544,85,148,377,115,,,
Endogenous,Caur_Vori_C_CJI97_001456T0,CV_001456T0.1,1874,1487,1554,195,771,706,150,1623,370,455,1570,406,,,
Endogenous,Caur_Vori_C_CJI97_002911T0,CV_002911T0.1,3162,1443,2643,202,837,1099,222,4177,249,522,1512,289,,,
Endogenous,Caur_Vori_C_CJI97_003190T0,CV_003190T0.1,11402,4574,4020,385,4304,3177,906,10515,6726,7360,15704,3111,,,
Endogenous,Caur_Vori_C_CJI97_003210T0,CV_003210T0.1,2024,1406,1359,139,577,591,175,2152,810,975,2842,656,,,
Endogenous,Caur_Vori_C_CJI97_004018T0,CV_004018T0.1,1240,972,775,72,326,307,76,1063,425,367,1038,248,,,
Endogenous,Caur_Vori_C_CJI97_004027T0,CV_004027T0.1,305,1047,260,56,95,200,37,1381,21,73,93,34,,,
Endogenous,Caur_Vori_C_CJI97_005310T0,CV_005310T0.1,4638,3245,2033,217,1228,995,255,3481,1817,1461,4139,795,,,
Endogenous,Caur_Vori_C_CJI97_005367T0,CV_005367T0.1,450,464,302,33,257,208,27,225,126,198,628,128,,,
Endogenous,Caur_Vori_C_CJI97_005591T0,CV_005591T0.1,287,314,206,22,132,88,34,246,76,132,246,91,,,
Endogenous,Caur_Vori_R_CJI97_000167T0_c4_up_up_R_R,CV_000167T0.1,548,1303,449,61,173,319,65,2167,37,111,140,79,,,
Endogenous,Caur_Vori_R_CJI97_000267T0_c1_up_x_x_R,CV_000267T0.1,18,1987,122,125,49,619,5,153,13,191,15,230,,,
Endogenous,Caur_Vori_R_CJI97_000367T0_c1_up_up_S_R,CV_000367T0.1,27,929,106,39,55,263,6,243,4,99,34,95,,,
Endogenous,Caur_Vori_R_CJI97_000447T0_c1_up_x_x_R,CV_000447T0.1,4,6,1,2,3,5,1,11,4,3,7,3,,,
Endogenous,Caur_Vori_R_CJI97_000594T0_c4_x_up_x_x,CV_000594T0.1,10,13,41,3,31,58,6,39,5,65,21,3,,,
Endogenous,Caur_Vori_R_CJI97_000936T0_c1_up_x_x_R,CV_000936T0.1,9,203,64,25,27,113,2,52,8,43,3,18,,,
Endogenous,Caur_Vori_R_CJI97_001156T0_c1_up_up_S_R,CV_001156T0.1,108,2084,176,69,109,588,22,1443,55,888,278,482,,,
Endogenous,Caur_Vori_R_CJI97_002908T0_c1_up_up_S_R,CV_002908T0.1,269,1408,368,126,203,722,34,1443,173,791,327,493,,,
Endogenous,Caur_Vori_R_CJI97_003063T0_c1_x_up_x_x,CV_003063T0.1,6303,942,9669,881,4155,2041,678,8464,515,459,6475,2005,,,
Endogenous,Caur_Vori_R_CJI97_003804T0_c1_up_up_S_R,CV_003804T0.1,80,2439,333,122,146,741,19,1110,19,419,170,375,,,
Endogenous,Caur_Vori_R_CJI97_004042T0_c3_up_up_S_R,CV_004042T0.1,13,896,26,7,10,46,5,49,4,38,8,22,,,
Endogenous,Caur_Vori_R_CJI97_004515T0_c1_down_x_x_R,CV_004515T0.1,1,2,30,1,13,8,1,3,8,15,2,2,,,
Endogenous,Caur_Vori_R_CJI97_004529T0_c3_down_x_x_R,CV_004529T0.1,63,13,19,2,22,11,5,19,20,15,7,6,,,
Endogenous,Caur_Vori_R_CJI97_004952T0_c1_x_up_x_x,CV_004952T0.1,10,189,29,6,10,41,1,88,3,36,20,23,,,
Endogenous,Caur_Vori_R_CJI97_005054T0_c1_up_x_x_x,CV_005054T0.1,192,2351,27,160,42,735,2,50,5,37,11,26,,,
Endogenous,Caur_Vori_R_CJI97_005101T0_c1_x_up_x_x,CV_005101T0.1,19,7,8,1,4,4,1,14,3,7,7,1,,,
Endogenous,Caur_Vori_R_CJI97_005423T0_c1_up_up_S_R,CV_005423T0.1,63,2178,488,209,194,997,9,695,21,397,138,336,,,
Endogenous,Caur_Vori_R_CJI97_005520T0_c1_up_down_x_x,CV_005520T0.1,15,60,26,11,8,50,4,57,6,14,24,13,,,