"Identifier","MIC","Susceptibility","SPR"
"GC75",0.0625,"S",0.907932062708257
"12C",0.125,"S",0.89833591389186
"Fx108",0.125,"S",0.737504193395076
"Fx119",0.125,"S",0.664928790903375
"Fx114",0.125,"S",0.471086417995274
"P75016",0.25,"S",1.20854726334755
"Fx120",0.25,"S",0.933584031043162
"Fx106",0.25,"S",0.899512331785866
"19F",0.25,"S",0.753370819264085
"Fx104",0.25,"S",0.333656726748321
"Fx129",0.25,"S",0.117551041198463
"Fx139",0.25,"S",0.0700584890735317
"Fx138",0.5,"S",0.117847100936221
"Fx127",0.5,"S",0.0590392509150873
"AR0761",32,"R",0.00772154660377256
"P60002",256,"R",0.155395479103419
"AR0762",256,"R",0.112436120258253
"P94015",256,"R",0.0046617031977257
