pair,file,original_file,panel_rlf,run_date,lane_name_source,n_lanes,lanes
albicansFluc,albicansFluc_run01.csv,CAFLUC3_2_C4732_CalbFluc001.csv,CAFLUC3_2_C4732,10/28/25,Sample ID,12,Fx041X4 Fx042X4 Fx043X4 983X4 985X4 087X4 Fx041F4 Fx042F4 Fx043F4 983F4 985F4 087F4
albicansFluc,albicansFluc_run02.csv,CAFLUC3_2_C4732_CalbFluc002.csv,CAFLUC3_2_C4732,11/7/25,Sample ID,12,Fx040X4 Fx086X4 Fx104X4 Fx106X4 Fx108X4 Fx114X4 Fx040F4 Fx086F4 Fx104F4 Fx106F4 Fx108F4 Fx114F4
albicansFluc,albicansFluc_run03.csv,CAFLUC3_2_C4732_CalbFluc003.csv,CAFLUC3_2_C4732,12/4/25,Sample ID,12,Fx119X4 Fx120X4 Fx127X4 Fx129X4 Fx138X4 Fx139X4 Fx119F4 Fx120F4 Fx127F4 Fx129F4 Fx138F4 Fx139F4
aurisVori,aurisVori_run01.csv,ely190_rawdata.csv,CAUR_VORI_C10397,5/4/23,Description,12,ZX2 ZX4 ZV2 ZVQ2 ZV4 ZVQ4 AAX2 AAX4 AAV2 AAVQ2 AAV4 AAVQ4
aurisVori,aurisVori_run02.csv,ELY191_rawdata.csv,CAUR_VORI_C10397,5/9/23,Sample ID,12,DX4 DV4 YX4 YV4 PX4 PV4 LX4 LV4 TX4 TV4 VX4 VV4
aurisVori,aurisVori_run03.csv,ely192_rawdata.csv,CAUR_VORI_C10397,5/10/23,Sample ID,12,BX4 BV4 MX4 MV4 OX4 OV4 UX4 UV4 WX4 WV4 XX4 XV4
aurisVori,aurisVori_run04.csv,CAUR_VORI_2_C4530_001.csv,CAUR_VORI_2_C4530,6/10/24,Sample ID,12,AX4 EX4 FX4 GX4 HX4 IX4 JX4 KX4 LX4 QX4 WX4 ABX4
aurisVori,aurisVori_run05.csv,CAUR_VORI_2_C4530_002.csv,CAUR_VORI_2_C4530,6/10/24,Sample ID,12,AV4 EV4 FV4 GV4 HV4 IV4 JV4 KV4 LV4 QV4 ABV4 WV4
glabrataMica,glabrataMica_run01.csv,CGLAB_MICA1_C11315_001.csv,CGLAB_MICA1_C11315,10/22/24,Sample ID,12,KX1 KM1 LX1 LM1 GX1 GM1 IX1 IM1 JX1 JM1 HX1 HM1
glabrataMica,glabrataMica_run02.csv,CGLAB_MICA1_C11315_002.csv,CGLAB_MICA1_C11315,10/24/24,Sample ID,12,AX1 AM1 BX1 BM1 CX1 CM1 DX1 DM1 EX1 EM1 FX1 FM1
glabrataMica,glabrataMica_run03.csv,CGLAB_MICA1_C11315_003.csv,CGLAB_MICA1_C11315,10/28/24,Sample ID,12,QX1 QM1 RX1 RM1 076X1 076M1 077X1 077M1 078X1 078M1 079X1 079M1
glabrataMica,glabrataMica_run04.csv,CGLAB_MICA1_C11315_004.csv,CGLAB_MICA1_C11315,,Sample ID,12,MX1 MM1 NX1 NM1 OX1 OM1 PX1 PM1 SX1 SM1 TX1 TM1
parapsilosisFluc,parapsilosisFluc_run01.csv,CPARA_FLUC1_C4654_CparaFluc001.csv,CPARA_FLUC1_C4654,3/19/25,Sample ID,12,Fx071X4 Fx144X4 Fx070X4 Fx067X4 Fx069X4 Fx068X4 Fx071F4 Fx144F4 Fx070F4 Fx067F4 Fx069F4 Fx068F4
parapsilosisFluc,parapsilosisFluc_run02.csv,CPARA_FLUC1_C4654_CparaFluc002.csv,CPARA_FLUC1_C4654,3/19/25,Sample ID,12,Fx065X4 Fx066X4 Fx072X4 Fx073X4 Fx074X4 Fx109X4 Fx065F4 Fx066F4 Fx072F4 Fx073F4 Fx074F4 Fx109F4
parapsilosisFluc,parapsilosisFluc_run03.csv,CPARA_FLUC1_C4654_CparaFluc003.csv,CPARA_FLUC1_C4654,3/31/25,Sample ID,12,Fx066X4 Fx065X4 Fx068X4 Fx109X4 Fx06624 Fx06644 Fx06524 Fx06544 Fx06824 Fx06844 Fx10924 Fx10944
